Brand,Model,ASIN
Samsung,Samsung Galaxy M04,B0BMGB2TPR
Samsung,Samsung Galaxy M14 5G,B0BZCSSNV7
Samsung,Samsung Galaxy M33 5G,B09TWH8YHM
Samsung,Samsung Galaxy S20 FE 5G,B08VB57558
Samsung,Samsung Galaxy A14 5G,B0BS16FS5K
Samsung,Samsung Galaxy A23 Blue,B09VK34ZZR
Samsung,Samsung Galaxy M53 5G,B09XJ3MBTL
Samsung,Samsung Galaxy S22 Ultra 5G,B09SH7FDKT
Samsung,Samsung Galaxy A73 5G,B09XHMGJQX
Samsung,Samsung Galaxy Note10+,B07PQ7DLVP
Oneplus,OnePlus Nord CE 3 Lite 5G,B0BY8JZ22K
Oneplus,OnePlus Nord CE 2 Lite 5G,B09WQYFLRX
Oneplus,OnePlus 10R 5G,B09WRP2WXG
Oneplus,OnePlus 11 5G (Eternal Green),B0BQJLCQD3
Oneplus,OnePlus Nord N20 SE,B0C6GSJBNL
Oneplus,OnePlus 10T 5GÂ ,B0B5V2KDNZ
Oneplus,OnePlus 11R 5GÂ ,B0BSNNYHY5
Oneplus,OnePlus Nord 2T 5G,B0B3CPQ5PF
Oneplus,OnePlus 10 Pro 5G,B09V2LX1R4
Oneplus,OnePlus 11 5G (Marble Odyssey),B0C58J3M7S
Oppo,Oppo A78 5G,B082FSKYCV
Oppo,Oppo F21s Pro,B0BD5J36FC
Oppo,Oppo A17,B0BMQS9NVT
Oppo,Oppo A77s,B082GNLQJB
Oppo,OPPO A15s,B08LRDT7PL
Oppo,Oppo F23 5GÂ ,B082DSWTBZ
Oppo,Oppo A57,B0B4434VGV
Oppo,OPPO Reno3 Pro,B07X9YNV5X
Oppo,Oppo Reno8 5G,B0B82F3M2N
Oppo,OPPO F17 Pro,B089MTDPKN
Fastrack,Fastrack Economy Analog White Dial Men's Watch,B009VP9W0E
Fastrack,Fastrack Casual Analog Black Dial Men's Watch,B00NLAUHJU
Fastrack,Fastrack Analog Men's Watch (Dial Colored Strap),B07XP8D3WT
Fastrack,Fastrack Autumn-Winter 19 Analog-Digital Orange Dial Men's Watch,B079H9VFRR
Fastrack,Fastrack Analog Silver Dial Men's Casual Watch,B0BXKV3MFH
Fastrack,Fastrack Analog Dial Women's Watch,B01GDWNV68
Fastrack,Fastrack Hip Hop Analog White Dial Women's Watch,B0085UVUCE
Fastrack,Fastrack Trendies Analog Red Dial Women's Watch,B079VR1B65
Fastrack,Fastrack Analog Silver Dial Women's Watch,B0BHTGYJ44
Fastrack,Fastrack Upgrade-Core Analog Dial Women's Watch,B009HS2DJC
TIMEX,TIMEX Analog Men's Watch (Dial Colored Strap),B07H3K85H5
TIMEX,TIMEX Analog Women's Watch,B07QS9K2VT
TIMEX,TIMEX Analog Black Dial Men's Watch,B0BQLZYBQ7
TIMEX,TIMEX Analog Women's Watch (Dial Colored Strap),B07QNXCKP6
TIMEX,"TIMEX Men's Analog White Dial Coloured Quartz Watch, Round Dial Rose Gold Stainless Steel Case",B0BZ7YHQS7
TIMEX,TIMEX Classics Analog White Dial Men's Watch,B0073RULNE
TIMEX,TIMEX Analog Blue Dial Men's Watch,B07B9KHJF2
TIMEX,TIMEX Analog Rose Gold Dial Women's Watch,B083JXYT18
TIMEX,TIMEX Analog Blue Dial Women's Watch,B09W2D8T47
TIMEX,TIMEX Analog Champagne Dial Women's Watch,B07B99HJ85
Titan,Titan Neo Iv Analog Black Dial Men's Watch,B07MXKMWT5
Titan,Titan Ladies Neo Economy Analog White Dial Women's Watch,B08512DC26
Titan,Titan Maritime Analog White Dial Men's Watch,B07YPK5TZ5
Titan,Titan Karishma Analog Black Dial Men's Watch,B00ISNVQMW
Titan,Titan Neo Menâs Designer Watch,B01N8UHYTB
Titan,Titan Analog Blue Dial Men's Watch,B09R1MYFLW
Titan,Titan Autumn-Winter 19 Analog Rose Gold Dial Women's Watch,B074PTZHHC
Titan,Titan Raga Viva Analog Pink Dial Women's Watch,B08HCFKS2J
Titan,Titan Youth Analog Pink Dial Women's Watch,B00BI36TRQ
Titan,Titan Ladies Neo-Ii Analog Rose Gold Dial Women's Watch,B01N6L9054
HP,HP Envy x360 for Creators,B0BRSJ3C4V
HP,HP Laptop 14s,B0BZS88YPT
HP,HP 247 G8 Laptop,B09RMP6MM7
HP,HP Laptop 15s,B0BQN13LTQ
HP,HP Pavilion 14,B09V1GMW72
HP,HP Zbook Power G4-A,B0BNJ4MNGQ
HP,Hp Pavilion 15,B09Y98RGG2
HP,HP Pavilion x360,B0B58SWPNS
HP,HP Victus Gaming Latest,B09RX2S3C8
HP,HP Pavilion Aero,B0BXLM7QC9
Lenovo,Lenovo IdeaPad Slim 3,B0B4KBCRJ3
Lenovo,Lenovo Ideapad 3,B09MM58Y7Q
Lenovo,Lenovo V15,B0B6G1QT4Q
Lenovo,Lenovo IdeaPad Slim 1,B0B4JRH895
Lenovo,Lenovo IdeaPad Gaming 3,B0B4JQ9X9C
Lenovo,Lenovo Yoga Slim 7Â Pro,B0B56CVZVS
Lenovo,Lenovo IdeaPad D330,B09SV2B5SR
Lenovo,Lenovo IdeaPad Slim 5Â ,B09G9Z32KW
Lenovo,Lenovo IdeaPad Flex 5,B09QT9Q2JM
Lenovo,Lenovo Legion 5,B09Y5VRMRH
ASUS,ASUS TUF Gaming F15,B09ZXM2B4N
ASUS,ASUS Vivobook 16X (2022),B0B8ZT96HS
ASUS,ASUS TUF Gaming A15,B0B5DZTNZQ
ASUS,ASUS Vivobook S15 OLED 2022,B09YHCTHDY
ASUS,ASUS VivoBook 14,B0BNHH8L9L
ASUS,ASUS Vivobook 15,B0C1GM4C6V
ASUS,ASUS ROG Strix G17 (2022),B09TPHMMFN
ASUS,ASUS VivoBook K15 OLED 2021,B09LJ437SS
ASUS,ASUS ROG Strix G17,B0B3DQ36P7
ASUS,ASUS ROG Strix G17 (2022),B09TPHMMFN